{"phi_ps": [-1.7225137455735489, 0.1064932325622614, 0.6774207602195936, 1.7539414544990652, 2.4148040625040768, -2.0099159138661467, -2.177283343310531, -1.5697909660427776, -0.12427743358685284, -1.0064774785957304, -0.4931021451732214, -0.15077180411421054, 0.5127389643385225, 0.46709078682394356, -0.2106138155885784, -0.4386882350110337, -0.31149480421167475, -0.45038467305351837, -0.4954148807525023, -1.2387774935625124, -1.2399637613413326, -1.59230723019801, -2.0146893283635885, -2.9071597210039357, 2.216025454324538, 2.4250552008886723, 2.2480403090727137, 1.6703022056755898, 1.5542122291643192, 0.4670383117256045, -0.6842516267855938, -1.5792651553456265, -1.315782862759965, -0.8811787179276065, -0.59908602822965, -0.5140357025656583, -1.1109897095414198, -1.0178548798726221, -0.7746939589710604, -0.14756871907922742, 0.3777551469706446, 1.4677968701176303, 2.504027799116855, 2.4169173877578185, -2.4963902724723095, -1.606700924743457, 0.041061610227563605, 0.457068321732514, 1.0695698494146946, 2.1683024930373165, -2.9999220236552624, -1.0470724451726667, 0.14980132206137498, 1.163647975506219, 2.226027926377263, 2.955031421758065, -1.6578135654915336, -1.00268966334869, 0.1835275666599685], "Btime": [-0.5084745762711864, -0.4915254237288135, -0.47457627118644075, -0.4576271186440678, -0.4406779661016949, -0.423728813559322, -0.4067796610169492, -0.3898305084745763, -0.3728813559322034, -0.3559322033898305, -0.33898305084745767, -0.3220338983050848, -0.3050847457627119, -0.288135593220339, -0.2711864406779661, -0.2542372881355932, -0.23728813559322037, -0.2203389830508475, -0.2033898305084746, -0.18644067796610173, -0.16949152542372883, -0.15254237288135597, -0.13559322033898305, -0.11864406779661016, -0.10169491525423734, -0.08474576271186443, -0.06779661016949153, -0.05084745762711871, -0.033898305084745804, -0.016949152542372902, 0.016949152542372826, 0.03389830508474573, 0.05084745762711863, 0.06779661016949146, 0.08474576271186436, 0.10169491525423725, 0.11864406779661016, 0.135593220338983, 0.1525423728813559, 0.16949152542372878, 0.18644067796610161, 0.2033898305084745, 0.22033898305084743, 0.23728813559322032, 0.2542372881355932, 0.2711864406779661, 0.2881355932203389, 0.3050847457627118, 0.32203389830508466, 0.33898305084745756, 0.3559322033898305, 0.3728813559322034, 0.3898305084745763, 0.406779661016949, 0.42372881355932196, 0.44067796610169485, 0.45762711864406774, 0.47457627118644063, 0.4915254237288135], "Bperp": [170.5547350936187, 270.38025256067556, 202.92465838021016, 168.19654253536194, 95.45951234056665, 228.80310057721752, 103.81895949483933, 376.33043320647175, 419.46428903784147, 71.33154403269046, 316.30165558682256, 158.60358458896653, 182.09336939358323, 396.6246157128205, -116.11173234404399, -106.45578744185175, -146.60232879858071, 340.83854006598665, 308.16068330713415, 363.2739216853154, 428.4376380768823, 320.76177126725804, 118.15425008898293, 309.5841385090971, -87.76871174141624, 225.21924553373813, -72.72139481734834, 408.0679829669742, 154.37562578726684, 90.06379673153799, 305.8068463977538, 114.95683206715293, 182.32700205841294, -147.4594870009631, 211.84793098275006, 208.52406637067665, 211.427030862078, 407.51547984599836, 250.35881219931386, 56.97137308149544, 103.48580501682872, 259.8453502935828, -122.59808428521424, 241.3266620046244, 243.6493545081195, -32.503830618471625, -81.3775886698642, 30.523643291734146, 59.4930953027974, 183.38469498795163, 104.42754081461604, 434.2909355727596, -97.50648081395931, -33.40731360587537, -61.94765653177842, 233.13162801646288, -6.758405738906902, 121.05309645100758, -12.078012061814519], "dtemperature": [-28.291994752020486, -30.444876948266362, -32.41930256792136, -34.1929005797744, -35.74557540965735, -37.05973463133023, -38.12048829570015, -38.915817639894115, -39.43671126464493, -39.67726723704564, -39.634759961807646, -39.30967106334445, -38.705683928774576, -37.8296419736737, -36.69147110344173, -35.304067248828396, -33.683150249884925, -31.847085743894905, -29.816677075365348, -27.614929585820857, -25.26678995409161, -22.798863540474102, -20.239112937367963, -17.616541141930842, -14.960862940531568, -12.302168228347139, -9.670581078827121, -7.095918425904461, -4.607352226219742, -2.2330789291960045, 2.0665828848073993, 3.9432545153767293, 5.608751452253696, 7.04420294964466, 8.233344768506889, 9.16270345687569, 9.821749009458962, 10.203014176804707, 10.302179072221058, 10.118120117818663, 9.652922775097132, 8.911857915832918, 7.903322100995986, 6.638742444358897, 5.132447138731763, 3.4015031118123673, 1.4655226510758972, -0.6535588112790229, -2.9317312355418714, -5.3431820178342875, -7.860588457226015, -10.455427332854164, -13.098298083412903, -15.759255927260773, -18.40815114876224, -21.014970706612814, -23.550178293589845, -25.9850489947153, -28.291994752020482], "Cv": -0.2243994752564138, "Cq": -0.0004960602828420887, "Ceta": -0.2243994752564138, "v_gt": -91.17834096173583, "q_gt": -0.07033585757017136, "eta_gt": 1.4635018652020235, "phi_std": 0.8}